{"Lpmz/w1eBY/pBEKGptZyNQ==":"img-2419-2000x1500.jpg","/5TxP6rB5Xsj6wML99MSww==":"logo2.png","CGGtf1MuvLFB/KUrA/+mag==":"jumbotron.jpg","E0YP5fvPVYQIPtHmWZHCGg==":"img-2452-4032x3024.jpg","W9bdiU2Vp4l2vUjwna7etg==":"img-2458-4032x3024.jpg","B45L83dxMlEoHpqTuPyMSw==":"img-2455-4032x3024.jpg","GSzivxBnNnRcfjYjjz7dvA==":"mbr-1620x1080.jpg","2L+JO7ZHfVPX4xWRtfPdNg==":"eb413f65-8dc2-46d9-9c99-46cd4b4cc2f0-4032x3024.jpg","1IW715m7dQ2+ThBNpPUgOw==":"02.jpg","YrTp4dS/Q31CkuCbcjZrEw==":"img-2451-2800x2100.jpg"}